Department,Percentage
Sales,5.88235294117647
Marketing,9.090909090909092
IT,15.0
