JobTitle,AvgEngagementLevel
Developer,3.2857142857142856
Executive,2.9375
Analyst,2.9047619047619047
Manager,2.75
Coordinator,2.6363636363636362
Support,2.2
